scannum	precursor_neutral_mass	retention_time	charge	ion_mobility	compensation_voltage	hit_rank	peptide	peptide_prev_aa	peptide_next_aa	protein	num_matched_ions	tot_num_ions	calc_neutral_pep_mass	massdiff	num_tol_term	num_missed_cleavages	modification_info	hyperscore	nextscore	expectscore	best_locs	score_without_delta_mass	best_score_with_delta_mass	second_best_score_with_delta_mass	delta_score	alternative_proteins
2008	879.503906	12.332623	2	-1.0	0	1	RIPQNPR	-	-	P239415	8	12	879.503845	6.1e-05	0	0		17.219	14.013	0.06676751						
2011	1144.526245	12.33505	3	-1.0	0	1	VHNQEEYAR	-	-	P300948	7	16	1144.526001	0.000244	0	0		16.070999	11.571	0.1280119						
2020	1087.56543	12.341781	3	-1.0	0	1	RLEEEEKR	-	-	P239843	6	14	1087.562012	0.003418	0	0		14.454	11.698	0.6375937						
2023	1144.526123	12.344025	2	-1.0	0	1	VHNQEEYAR	-	-	P300948	4	16	1144.526001	0.000122	0	0		11.498	0.0	0.00316592						
2027	879.503906	12.353533	2	-1.0	0	1	RIPQNPR	-	-	P239415	8	12	879.503845	6.1e-05	0	0		17.052999	13.845	0.03605371						
2030	1144.526123	12.356586	3	-1.0	0	1	VHNQEEYAR	-	-	P300948	8	16	1144.526001	0.000122	0	0		17.577999	11.678	0.001051135						
2033	1087.565308	12.358829	3	-1.0	0	1	RLEEEEKR	-	-	P239843	5	14	1087.562012	0.003296	0	0		12.847	0.0	0.4605215						
2043	879.503845	12.372705	2	-1.0	0	1	RIPQNPR	-	-	P239415	8	12	879.503845	0.0	0	0		17.297001	12.54	0.03656561						
2046	1144.526123	12.378386	3	-1.0	0	1	VHNQEEYAR	-	-	P300948	8	16	1144.526001	0.000122	0	0		17.547001	11.617	0.001237736						
2049	1087.564941	12.38063	3	-1.0	0	1	RLEEEEKR	-	-	P239843	7	14	1087.562012	0.00293	0	0		16.121	8.916	0.06994391						
2062	879.503906	12.39671	2	-1.0	0	1	RIPQNPR	-	-	P239415	5	12	879.503845	6.1e-05	0	0		12.77	10.761	0.671998						
2065	1144.526123	12.399138	3	-1.0	0	1	VHNQEEYAR	-	-	P300948	8	16	1144.526001	0.000122	0	0		17.468	11.606	0.0008318118						
2071	1087.564941	12.403632	3	-1.0	0	1	RLEEEEKR	-	-	P239843	6	14	1087.562012	0.00293	0	0		14.523	11.81	0.3120686						
2078	1144.526245	12.415358	3	-1.0	0	1	VHNQEEYAR	-	-	P300948	6	16	1144.526001	0.000244	0	0		14.652	11.661	0.2897343						
2081	879.503906	12.418413	2	-1.0	0	1	RIPQNPR	-	-	P239415	4	12	879.503845	6.1e-05	0	0		11.459	0.0	1.820749						
2087	1087.564941	12.4229	3	-1.0	0	1	RLEEEEKR	-	-	P239843	6	14	1087.562012	0.00293	0	0		14.493	0.0	0.178546						
2097	1144.526123	12.436748	3	-1.0	0	1	VHNQEEYAR	-	-	P300948	8	16	1144.526001	0.000122	0	0		17.58	11.397	0.02527263						
2113	1144.526245	12.455514	3	-1.0	0	1	VHNQEEYAR	-	-	P300948	7	16	1144.526001	0.000244	0	0		16.118999	11.606	0.1245232						
2125	1087.562744	12.464657	3	-1.0	0	1	RLEEEEKR	-	-	P239843	4	14	1087.562012	0.000732	0	0		10.46	0.0	1.819701						
2132	1144.526245	12.476427	3	-1.0	0	1	VHNQEEYAR	-	-	P300948	4	16	1144.526001	0.000244	0	0		11.737	0.0	1.551493						
2138	1087.562744	12.481702	3	-1.0	0	1	TQNTLDQLR	S	A	rev_P22529	5	16	1087.562134	0.00061	0	0		11.91	11.7	1.927588						
2148	1144.52478	12.495335	3	-1.0	0	1	TDVLFCYAR	L	-	P132102	4	16	1143.538208	0.986572	0	0	6C(57.02146)	11.282	0.0	2.016044						
2181	1144.526245	12.539529	3	-1.0	0	1	VHNQEEYAR	-	-	P300948	4	16	1144.526001	0.000244	0	0		11.475	0.0	1.804056						
2202	1144.524414	12.574648	3	-1.0	0	1	VHNQEEYAR	-	-	P300948	5	16	1144.526001	-0.001587	0	0		12.998	11.681	0.1335057						
2217	1144.526123	12.608236	3	-1.0	0	1	VHNQEEYAR	-	-	P300948	5	16	1144.526001	0.000122	0	0		13.449	11.844	0.5790951						
2227	1144.526123	12.622196	3	-1.0	0	1	VHNQEEYAR	-	-	P300948	5	16	1144.526001	0.000122	0	0		13.078	11.428	0.7169684						
2230	1123.514038	12.62458	2	-1.0	0	1	YLDEADRDK	-	-	P324650	4	16	1123.514404	-0.000366	0	0		10.916	10.916	1.399587						P324651
2234	1123.514038	12.633518	2	-1.0	0	1	YLDEADRDK	-	-	P324650	4	16	1123.514404	-0.000366	0	0		10.774	10.774	1.518798						P324651
2237	1144.526123	12.635916	3	-1.0	0	1	VHNQEEYAR	-	-	P300948	7	16	1144.526001	0.000122	0	0		16.211	11.984	0.1181						
2244	1123.514038	12.647283	2	-1.0	0	1	YLDEADRDK	-	-	P324650	4	16	1123.514404	-0.000366	0	0		10.836	10.836	1.465547						P324651
2247	1144.526367	12.649675	3	-1.0	0	1	VHNQEEYAR	-	-	P300948	6	16	1144.526001	0.000366	0	0		14.776	11.84	0.2697739						
2254	1123.513916	12.661328	2	-1.0	0	1	YLDEADRDK	-	-	P324650	5	16	1123.514404	-0.000488	0	0		12.276	12.276	0.6397348						P324651
2257	1144.524658	12.663726	3	-1.0	0	1	VHNQEEYAR	-	-	P300948	5	16	1144.526001	-0.001343	0	0		13.471	11.64	0.5718078						
2267	1144.526367	12.678712	3	-1.0	0	1	VHNQEEYAR	-	-	P300948	7	16	1144.526001	0.000366	0	0		16.215	11.641	0.1178284						
2274	1123.514038	12.690266	2	-1.0	0	1	YLDEADRDK	-	-	P324650	5	16	1123.514404	-0.000366	0	0		12.507	12.507	0.5600799						P324651
2277	1144.526245	12.693342	3	-1.0	0	1	VHNQEEYAR	-	-	P300948	5	16	1144.526001	0.000244	0	0		13.411	11.812	0.1052567						
2280	1123.515015	12.695586	3	-1.0	0	1	EVCMNVVQK	C	-	P11541	4	16	1121.520874	1.994141	0	0	3C(57.02146), 4M(15.9949)	10.065	0.0	1.284547						
2287	1123.514038	12.710487	2	-1.0	0	1	YLDEADRDK	-	-	P324650	4	16	1123.514404	-0.000366	0	0		10.832	10.832	1.468926						P324651
2293	1144.526245	12.715143	3	-1.0	0	1	VHNQEEYAR	-	-	P300948	5	16	1144.526001	0.000244	0	0		13.48	11.784	0.5688531						
2297	1123.514038	12.724493	2	-1.0	0	1	YLDEADRDK	-	-	P324650	5	16	1123.514404	-0.000366	0	0		12.475	12.475	1.014495						P324651
2300	1144.526123	12.727514	3	-1.0	0	1	VHNQEEYAR	-	-	P300948	6	16	1144.526001	0.000122	0	0		14.503	11.6	0.3156821						
2303	1123.515015	12.729757	3	-1.0	0	1	KQEFAELMQ	-	N	rev_P285416	4	16	1122.537842	0.977173	0	0		8.322	8.293	1.970154						
2310	1123.514038	12.741587	2	-1.0	0	1	YLDEADRDK	-	-	P324650	6	16	1123.514404	-0.000366	0	0		14.15	14.15	0.2175204						P324651
2313	1144.526245	12.744582	3	-1.0	0	1	VHNQEEYAR	-	-	P300948	7	16	1144.526001	0.000244	0	0		15.989	11.551	0.1341992						
2316	1123.514893	12.746826	3	-1.0	0	1	YLDEADRDK	-	-	P324650	4	16	1123.514404	0.000488	0	0		8.309	8.309	1.984952						P324651
2323	1144.526123	12.75851	3	-1.0	0	1	VHNQEEYAR	-	-	P300948	7	16	1144.526001	0.000122	0	0		15.959	11.413	0.1365369						
2326	1123.514038	12.761525	2	-1.0	0	1	YLDEADRDK	-	-	P324650	5	16	1123.514404	-0.000366	0	0		12.475	12.475	0.5704924						P324651
2333	1144.526367	12.773157	3	-1.0	0	1	VHNQEEYAR	-	-	P300948	6	16	1144.526001	0.000366	0	0		14.638	11.696	0.05193978						
2336	1123.514038	12.776166	2	-1.0	0	1	YLDEADRDK	-	-	P324650	6	16	1123.514404	-0.000366	0	0		14.068	14.068	0.2280342						P324651
2342	1087.57251	12.780654	3	-1.0	0	1	RLEEEEKR	-	-	P239843	4	14	1087.562012	0.010498	0	0		11.598	0.0	1.680738						
2346	1144.526123	12.789458	3	-1.0	0	1	VHNQEEYAR	-	-	P300948	5	16	1144.526001	0.000122	0	0		13.518	11.736	0.5565447						
2359	1123.514038	12.805316	2	-1.0	0	1	YLDEADRDK	-	-	P324650	4	16	1123.514404	-0.000366	0	0		8.721	8.721	1.56585						P324651
2368	1144.526245	12.812802	3	-1.0	0	1	VHNQEEYAR	-	-	P300948	6	16	1144.526001	0.000244	0	0		14.563	11.605	0.304965						
2388	1144.526367	12.84036	3	-1.0	0	1	VHNQEEYAR	-	-	P300948	5	16	1144.526001	0.000366	0	0		13.133	11.703	0.6946242						
2407	1144.524414	12.860829	3	-1.0	0	1	VHNQEEYAR	-	-	P300948	5	16	1144.526001	-0.001587	0	0		13.403	11.742	0.1057426						
2414	1144.526123	12.872219	3	-1.0	0	1	VHNQEEYAR	-	-	P300948	5	16	1144.526001	0.000122	0	0		12.98	11.622	1.348963						
2421	1144.524414	12.884504	3	-1.0	0	1	VHNQEEYAR	-	-	P300948	5	16	1144.526001	-0.001587	0	0		13.27	11.604	0.641948						
2431	1144.526123	12.899242	3	-1.0	0	1	KSTSSDESFR	-	-	rev_P237943	4	18	1142.520264	2.005859	0	0		11.763	11.721	0.2718004						
2444	1144.526245	12.915835	3	-1.0	0	1	VHNQEEYAR	-	-	P300948	5	16	1144.526001	0.000244	0	0		13.343	11.806	0.615531						
2451	1144.526245	12.927635	3	-1.0	0	1	TDVLFCYAR	L	-	P132102	4	16	1143.538208	0.988037	0	0	6C(57.02146)	11.404	0.0	1.879317						
2497	1304.625244	13.01314	3	-1.0	0	1	IGYDHGHIEHK	-	-	P127168	6	20	1304.626099	-0.000854	0	0		14.692	0.0	0.8612055						
2501	1304.625244	13.022833	3	-1.0	0	1	IGYDHGHIEHK	-	-	P127168	8	20	1304.626099	-0.000854	0	0		17.698999	0.0	0.02820007						
2505	1304.625244	13.032329	3	-1.0	0	1	IGYDHGHIEHK	-	-	P127168	12	20	1304.626099	-0.000854	0	0		26.674	12.121	4.16523e-08						
2509	1304.625244	13.042181	3	-1.0	0	1	IGYDHGHIEHK	-	-	P127168	12	20	1304.626099	-0.000854	0	0		26.737	12.263	9.173129e-07						
2516	1304.625244	13.05752	3	-1.0	0	1	IGYDHGHIEHK	-	-	P127168	12	20	1304.626099	-0.000854	0	0		25.466999	16.264	1.666938e-05						
2519	1304.626099	13.060025	2	-1.0	0	1	IGYDHGHIEHK	-	-	P127168	5	20	1304.626099	0.0	0	0		12.844	0.0	0.001458814						
2523	1304.625244	13.069111	3	-1.0	0	1	IGYDHGHIEHK	-	-	P127168	12	20	1304.626099	-0.000854	0	0		24.664	13.192	5.290908e-06						
2526	1304.626099	13.071502	2	-1.0	0	1	IGYDHGHIEHK	-	-	P127168	9	20	1304.626099	0.0	0	0		19.475	13.025	0.01804055						
2536	1304.625244	13.084727	3	-1.0	0	1	IGYDHGHIEHK	-	-	P127168	13	20	1304.626099	-0.000854	0	0		26.388	13.647	9.023855e-07						
2539	1304.626099	13.087153	2	-1.0	0	1	IGYDHGHIEHK	-	-	P127168	15	20	1304.626099	0.0	0	0		31.43	14.352	1.645189e-12						
2549	1304.625244	13.100014	3	-1.0	0	1	IGYDHGHIEHK	-	-	P127168	16	20	1304.626099	-0.000854	0	0		32.587002	14.769	1.563023e-08						
2552	1304.626221	13.10299	2	-1.0	0	1	IGYDHGHIEHK	-	-	P127168	16	20	1304.626099	0.000122	0	0		33.639999	12.942	3.936396e-10						
2555	1255.572754	13.105238	3	-1.0	0	1	KSVMDEFGISK	L	-	P258570	4	20	1255.611694	-0.03894	0	0	4M(15.9949)	10.871	10.871	1.156777						
2564	1144.526123	13.111971	3	-1.0	0	1	VHNQEEYAR	-	-	P300948	4	16	1144.526001	0.000122	0	0		11.876	11.78	1.432188						
2571	1304.625244	13.122281	3	-1.0	0	1	IGYDHGHIEHK	-	-	P127168	16	20	1304.626099	-0.000854	0	0		32.533001	14.748	2.926094e-08						
2574	1304.626221	13.124681	2	-1.0	0	1	IGYDHGHIEHK	-	-	P127168	17	20	1304.626099	0.000122	0	0		35.848999	14.336	1.032383e-14						
2580	1256.614014	13.129182	3	-1.0	0	1	TFAHTESHISK	-	-	P277371	12	20	1256.614868	-0.000854	0	0		25.683001	12.925	1.961794e-07						PROCAL2
2584	1304.625244	13.137354	3	-1.0	0	1	IGYDHGHIEHK	-	-	P127168	15	20	1304.626099	-0.000854	0	0		30.986	13.226	4.097153e-08						
2587	1304.626099	13.140327	2	-1.0	0	1	IGYDHGHIEHK	-	-	P127168	16	20	1304.626099	0.0	0	0		33.591999	12.909	4.221629e-09						
2590	1256.61377	13.142573	3	-1.0	0	1	TFAHTESHISK	-	-	P277371	14	20	1256.614868	-0.001099	0	0		28.650999	12.839	4.683715e-07						PROCAL2
2593	1256.614624	13.144817	2	-1.0	0	1	TFAHTESHISK	-	-	P277371	9	20	1256.614868	-0.000244	0	0		20.158001	11.077	0.000952589						PROCAL2
2603	1304.625244	13.157581	3	-1.0	0	1	IGYDHGHIEHK	-	-	P127168	15	20	1304.626099	-0.000854	0	0		30.471001	13.197	8.464237e-08						
2606	1256.613892	13.159979	3	-1.0	0	1	TFAHTESHISK	-	-	P277371	13	20	1256.614868	-0.000977	0	0		26.895	12.718	3.554498e-06						PROCAL2
2609	1304.626099	13.162223	2	-1.0	0	1	IGYDHGHIEHK	-	-	P127168	16	20	1304.626099	0.0	0	0		33.657001	12.941	8.07553e-09						
2612	1256.614624	13.164466	2	-1.0	0	1	TFAHTESHISK	-	-	P277371	15	20	1256.614868	-0.000244	0	0		31.379	14.147	2.815279e-08						PROCAL2
2622	1304.625122	13.177229	3	-1.0	0	1	IGYDHGHIEHK	-	-	P127168	14	20	1304.626099	-0.000977	0	0		28.254999	13.596	3.925909e-07						
2625	1256.61377	13.17968	3	-1.0	0	1	TFAHTESHISK	-	-	P277371	16	20	1256.614868	-0.001099	0	0		32.393002	13.114	6.012164e-08						PROCAL2
2628	1304.626221	13.181928	2	-1.0	0	1	IGYDHGHIEHK	-	-	P127168	16	20	1304.626099	0.000122	0	0		33.688999	13.667	1.517581e-09						
2631	1256.614624	13.184172	2	-1.0	0	1	TFAHTESHISK	-	-	P277371	16	20	1256.614868	-0.000244	0	0		33.313999	13.524	2.102838e-08						PROCAL2
2634	958.483459	13.186418	2	-1.0	0	1	REEEQLR	-	-	P237307	6	12	958.483154	0.000305	0	0		13.546	13.546	3.117637						P86796@@rev_P275929
2637	1134.512329	13.188661	2	-1.0	0	1	YDHGHIEHK	G	-	P127168	4	16	1134.520508	-0.008179	0	0		11.504	0.0	0.003155005						
2641	1304.625244	13.1969	3	-1.0	0	1	IGYDHGHIEHK	-	-	P127168	16	20	1304.626099	-0.000854	0	0		32.459999	14.675	1.964197e-08						
2644	1256.613892	13.199336	3	-1.0	0	1	TFAHTESHISK	-	-	P277371	14	20	1256.614868	-0.000977	0	0		28.426001	13.13	4.142631e-06						PROCAL2
2647	1304.626221	13.201581	2	-1.0	0	1	IGYDHGHIEHK	-	-	P127168	18	20	1304.626099	0.000122	0	0		38.061001	14.323	7.318796e-12						
2650	1256.614624	13.203834	2	-1.0	0	1	TFAHTESHISK	-	-	P277371	17	20	1256.614868	-0.000244	0	0		35.499001	15.503	7.509681e-08						PROCAL2
2653	958.483521	13.206077	2	-1.0	0	1	REEEQLR	-	-	P237307	7	12	958.483154	0.000366	0	0		14.982	14.982	1.779397						P86796@@rev_P275929
2659	1144.523682	13.210565	3	-1.0	0	1	VHNQEEYAR	-	-	P300948	4	16	1144.526001	-0.002319	0	0		10.598	10.457	4.244649						
2663	1304.625244	13.218588	3	-1.0	0	1	IGYDHGHIEHK	-	-	P127168	16	20	1304.626099	-0.000854	0	0		32.518002	14.694	7.175897e-09						
2666	1256.613892	13.220983	3	-1.0	0	1	TFAHTESHISK	-	-	P277371	14	20	1256.614868	-0.000977	0	0		28.646	13.062	2.26833e-06						PROCAL2
2669	1256.614746	13.223227	2	-1.0	0	1	TFAHTESHISK	-	-	P277371	17	20	1256.614868	-0.000122	0	0		35.491001	16.615999	5.028364e-08						PROCAL2
2672	1304.626221	13.225474	2	-1.0	0	1	IGYDHGHIEHK	-	-	P127168	16	20	1304.626099	0.000122	0	0		33.553001	14.265	2.957611e-12						
2675	958.483582	13.227717	2	-1.0	0	1	REEEQLR	-	-	P237307	7	12	958.483154	0.000427	0	0		15.21	15.21	0.2375715						P86796@@rev_P275929
2681	1144.526123	13.232205	3	-1.0	0	1	VHNQEEYAR	-	-	P300948	4	16	1144.526001	0.000122	0	0		10.485	10.216	1.004832						
2685	1256.613892	13.243501	3	-1.0	0	1	TFAHTESHISK	-	-	P277371	14	20	1256.614868	-0.000977	0	0		28.679001	12.946	1.122384e-06						PROCAL2
2688	1304.625244	13.245893	3	-1.0	0	1	IGYDHGHIEHK	-	-	P127168	12	20	1304.626099	-0.000854	0	0		25.440001	14.713	1.597249e-06						
2691	1256.614624	13.248137	2	-1.0	0	1	TFAHTESHISK	-	-	P277371	17	20	1256.614868	-0.000244	0	0		35.455002	15.063	4.598215e-08						PROCAL2
2694	1304.626099	13.250381	2	-1.0	0	1	IGYDHGHIEHK	-	-	P127168	9	20	1304.626099	0.0	0	0		19.559999	11.92	2.116532e-07						
2697	1144.526123	13.252625	3	-1.0	0	1	VHNQEEYAR	-	-	P300948	5	16	1144.526001	0.000122	0	0		12.005	10.317	1.916154						
2701	1256.613892	13.260877	3	-1.0	0	1	TFAHTESHISK	-	-	P277371	14	20	1256.614868	-0.000977	0	0		28.5	12.805	1.162014e-06						PROCAL2
2704	1304.625122	13.263787	3	-1.0	0	1	IGYDHGHIEHK	-	-	P127168	11	20	1304.626099	-0.000977	0	0		24.159	14.702	2.444264e-05						
2707	1256.614624	13.266031	2	-1.0	0	1	TFAHTESHISK	-	-	P277371	17	20	1256.614868	-0.000244	0	0		35.591999	15.556	6.599273e-10						PROCAL2
2710	1304.626221	13.268274	2	-1.0	0	1	IGYDHGHIEHK	-	-	P127168	9	20	1304.626099	0.000122	0	0		19.667999	11.831	0.01614359						
2714	1256.61377	13.276439	3	-1.0	0	1	TFAHTESHISK	-	-	P277371	14	20	1256.614868	-0.001099	0	0		28.618999	14.818	1.489041e-06						PROCAL2
2717	1304.625122	13.278834	3	-1.0	0	1	IGYDHGHIEHK	-	-	P127168	12	20	1304.626099	-0.000977	0	0		26.552	14.78	2.31125e-06						
2720	1256.614624	13.281082	2	-1.0	0	1	TFAHTESHISK	-	-	P277371	16	20	1256.614868	-0.000244	0	0		33.398998	14.372	2.940926e-08						PROCAL2
2723	958.483398	13.283326	2	-1.0	0	1	REEEQLR	-	-	P237307	6	12	958.483154	0.000244	0	0		13.411	13.411	1.085823						P86796@@rev_P275929
2729	930.477417	13.287817	2	-1.0	0	1	KESAVELR	-	P	rev_P115026	5	14	930.513428	-0.036011	0	0		12.526	11.34	2.859426						
2733	1256.613892	13.295947	3	-1.0	0	1	TFAHTESHISK	-	-	P277371	16	20	1256.614868	-0.000977	0	0		32.408001	13.152	6.0243e-08						PROCAL2
2736	1256.614624	13.298356	2	-1.0	0	1	TFAHTESHISK	-	-	P277371	17	20	1256.614868	-0.000244	0	0		35.563	15.485	9.202922e-10						PROCAL2
2739	1304.625244	13.300604	3	-1.0	0	1	IGYDHGHIEHK	-	-	P127168	12	20	1304.626099	-0.000854	0	0		26.695999	13.374	1.011203e-08						
2746	1256.61377	13.311109	3	-1.0	0	1	TFAHTESHISK	-	-	P277371	13	20	1256.614868	-0.001099	0	0		27.075001	13.845	4.169436e-06						PROCAL2
2749	1256.614746	13.314218	2	-1.0	0	1	TFAHTESHISK	-	-	P277371	16	20	1256.614868	-0.000122	0	0		33.318001	13.569	7.897847e-09						PROCAL2
2752	1304.625244	13.316462	3	-1.0	0	1	IGYDHGHIEHK	-	-	P127168	9	20	1304.626099	-0.000854	0	0		19.879999	10.793	0.01916745						
2759	1256.61377	13.326872	3	-1.0	0	1	TFAHTESHISK	-	-	P277371	14	20	1256.614868	-0.001099	0	0		28.731001	12.76	7.418203e-07						PROCAL2
2762	1256.614624	13.329512	2	-1.0	0	1	TFAHTESHISK	-	-	P277371	15	20	1256.614868	-0.000244	0	0		31.278999	13.573	3.569195e-08						PROCAL2
2765	1304.625244	13.331759	3	-1.0	0	1	IGYDHGHIEHK	-	-	P127168	8	20	1304.626099	-0.000854	0	0		17.965	12.642	0.01038396						
2768	958.483398	13.334002	2	-1.0	0	1	REEEQLR	-	-	P237307	4	12	958.483154	0.000244	0	0		10.401	10.401	1.882565						P86796@@rev_P275929
2771	1110.529907	13.336248	2	-1.0	0	1	SSYQDKVER	-	-	P269324	9	16	1110.530518	-0.00061	0	0		19.566	10.815	0.009627201						
2778	1256.614014	13.346875	3	-1.0	0	1	TFAHTESHISK	-	-	P277371	14	20	1256.614868	-0.000854	0	0		28.587999	12.765	6.113854e-07						PROCAL2
2781	1256.614624	13.349584	2	-1.0	0	1	TFAHTESHISK	-	-	P277371	11	20	1256.614868	-0.000244	0	0		23.216999	12.494	0.001692499						PROCAL2
2784	1304.626343	13.351827	3	-1.0	0	1	IGYDHGHIEHK	-	-	P127168	7	20	1304.626099	0.000244	0	0		16.487	0.0	0.8046784						
2787	1110.529907	13.354071	2	-1.0	0	1	SSYQDKVER	-	-	P269324	12	16	1110.530518	-0.00061	0	0		24.631001	12.396	9.979369e-07						
2790	1110.529907	13.356314	3	-1.0	0	1	SSYQDKVER	-	-	P269324	9	16	1110.530518	-0.00061	0	0		20.395	12.162	3.573267e-05						
2793	958.483459	13.358558	2	-1.0	0	1	REEEQLR	-	-	P237307	5	12	958.483154	0.000305	0	0		11.812	11.812	1.659715						P86796@@rev_P275929
2797	1256.614014	13.367858	3	-1.0	0	1	TFAHTESHISK	-	-	P277371	14	20	1256.614868	-0.000854	0	0		28.672001	11.423	3.386685e-09						PROCAL2
2800	1110.529907	13.371165	2	-1.0	0	1	SSYQDKVER	-	-	P269324	13	16	1110.530518	-0.00061	0	0		26.309	12.489	7.847984e-07						
2803	1110.529907	13.373409	3	-1.0	0	1	SSYQDKVER	-	-	P269324	9	16	1110.530518	-0.00061	0	0		20.367001	12.725	0.0003475683						
2806	1256.614624	13.375653	2	-1.0	0	1	TFAHTESHISK	-	-	P277371	4	20	1256.614868	-0.000244	0	0		11.844	0.0	0.002594179						PROCAL2
2809	1304.626465	13.377896	3	-1.0	0	1	IGYDHGHIEHK	-	-	P127168	10	20	1304.626099	0.000366	0	0		21.759001	10.681	1.864869e-06						
2819	1110.529907	13.391439	2	-1.0	0	1	SSYQDKVER	-	-	P269324	13	16	1110.530518	-0.00061	0	0		26.362	12.6	6.488035e-07						
2822	1110.529907	13.394733	3	-1.0	0	1	SSYQDKVER	-	-	P269324	9	16	1110.530518	-0.00061	0	0		20.469999	12.2	0.0003739838						
2825	1256.613892	13.396977	3	-1.0	0	1	TFAHTESHISK	-	-	P277371	10	20	1256.614868	-0.000977	0	0		21.245001	11.81	2.918049e-06						PROCAL2
2828	1304.626343	13.39922	3	-1.0	0	1	IGYDHGHIEHK	-	-	P127168	11	20	1304.626099	0.000244	0	0		24.191999	13.257	1.588195e-06						
2834	958.483398	13.403712	2	-1.0	0	1	REEEQLR	-	-	P237307	9	12	958.483154	0.000244	0	0		18.448	18.448	0.4485111						P86796@@rev_P275929
2838	1110.529907	13.412231	2	-1.0	0	1	SSYQDKVER	-	-	P269324	13	16	1110.530518	-0.00061	0	0		26.294001	12.353	9.217255e-06						
2841	1110.529907	13.414847	3	-1.0	0	1	SSYQDKVER	-	-	P269324	10	16	1110.530518	-0.00061	0	0		21.296	12.332	0.0001027169						
2844	1256.614014	13.417097	3	-1.0	0	1	TFAHTESHISK	-	-	P277371	9	20	1256.614868	-0.000854	0	0		18.327	11.889	0.0005939911						PROCAL2
2847	1304.626343	13.419341	3	-1.0	0	1	IGYDHGHIEHK	-	-	P127168	12	20	1304.626099	0.000244	0	0		26.617001	12.12	2.240319e-06						
2850	958.483459	13.421584	2	-1.0	0	1	REEEQLR	-	-	P237307	7	12	958.483154	0.000305	0	0		15.104	15.104	1.440736						P86796@@rev_P275929
2860	1110.529907	13.434297	2	-1.0	0	1	SSYQDKVER	-	-	P269324	13	16	1110.530518	-0.00061	0	0		26.243999	12.428	1.042576e-05						
2863	1110.529907	13.437559	3	-1.0	0	1	SSYQDKVER	-	-	P269324	10	16	1110.530518	-0.00061	0	0		21.267	12.419	0.000216149						
2866	1304.626465	13.439802	3	-1.0	0	1	IGYDHGHIEHK	-	-	P127168	11	20	1304.626099	0.000366	0	0		24.289	11.534	3.798016e-05						
2869	1256.614014	13.442046	3	-1.0	0	1	TFAHTESHISK	-	-	P277371	8	20	1256.614868	-0.000854	0	0		17.849001	10.978	0.01398445						PROCAL2
2872	958.484253	13.444289	2	-1.0	0	1	REEEQLR	-	-	P237307	6	12	958.483154	0.001099	0	0		13.239	13.239	1.304571						P86796@@rev_P275929
2879	1110.529907	13.454706	2	-1.0	0	1	SSYQDKVER	-	-	P269324	13	16	1110.530518	-0.00061	0	0		26.219	12.431	7.23704e-06						
2882	1110.529907	13.457738	3	-1.0	0	1	SSYQDKVER	-	-	P269324	9	16	1110.530518	-0.00061	0	0		20.368	12.125	0.001099445						
2885	1304.626221	13.465562	3	-1.0	0	1	IGYDHGHIEHK	-	-	P127168	11	20	1304.626099	0.000122	0	0		24.239	12.041	2.192023e-07						
2888	1256.614014	13.467806	3	-1.0	0	1	TFAHTESHISK	-	-	P277371	6	20	1256.614868	-0.000854	0	0		13.956	10.916	0.09506814						PROCAL2
2891	958.483398	13.470049	2	-1.0	0	1	LLGDMRPR	P	-	P327645	5	14	956.522522	1.960876	0	0		11.727	11.358	2.256809						
2894	906.492554	13.472293	2	-1.0	0	1	LAQEYRK	-	-	P151565	6	12	906.492249	0.000305	0	0		14.671	11.393	0.03884567						
2901	1110.529907	13.482439	2	-1.0	0	1	SSYQDKVER	-	-	P269324	13	16	1110.530518	-0.00061	0	0		26.218	12.326	8.304164e-06						
2904	1110.529907	13.484888	3	-1.0	0	1	SSYQDKVER	-	-	P269324	10	16	1110.530518	-0.00061	0	0		21.239	12.309	0.0004771994						
2907	1304.626343	13.487138	3	-1.0	0	1	IGYDHGHIEHK	-	-	P127168	12	20	1304.626099	0.000244	0	0		25.643	13.56	1.453169e-07						
2910	906.492493	13.489382	2	-1.0	0	1	LAQEYRK	-	-	P151565	6	12	906.492249	0.000244	0	0		14.786	11.486	0.04136492						
2913	1256.614014	13.491626	3	-1.0	0	1	TFAHTESHISK	-	-	P277371	10	20	1256.614868	-0.000854	0	0		22.236	10.683	6.295479e-06						PROCAL2
2920	1110.529907	13.501822	2	-1.0	0	1	SSYQDKVER	-	-	P269324	13	16	1110.530518	-0.00061	0	0		26.264	12.502	7.95291e-06						
2923	1110.529907	13.504278	3	-1.0	0	1	SSYQDKVER	-	-	P269324	10	16	1110.530518	-0.00061	0	0		21.156	12.228	9.287464e-05						
2926	1304.626343	13.506537	3	-1.0	0	1	IGYDHGHIEHK	-	-	P127168	10	20	1304.626099	0.000244	0	0		21.886	10.813	0.0007580927						
2929	1256.613892	13.50878	3	-1.0	0	1	TFAHTESHISK	-	-	P277371	11	20	1256.614868	-0.000977	0	0		23.466999	11.59	1.631201e-07						PROCAL2
2932	906.492554	13.511024	2	-1.0	0	1	LAQEYRK	-	-	P151565	6	12	906.492249	0.000305	0	0		14.658	11.379	0.05597735						
2935	829.440247	13.51327	2	-1.0	0	1	RLEDAAR	-	-	P239826	7	12	829.440552	-0.000305	0	0		15.961	14.715	1.467085						
2945	1110.529907	13.52581	2	-1.0	0	1	SSYQDKVER	-	-	P269324	13	16	1110.530518	-0.00061	0	0		26.283001	12.509	8.28663e-07						
2948	1110.529785	13.528298	3	-1.0	0	1	SSYQDKVER	-	-	P269324	9	16	1110.530518	-0.000732	0	0		20.347	12.107	0.0003697757						
2951	1304.626221	13.530551	3	-1.0	0	1	IGYDHGHIEHK	-	-	P127168	8	20	1304.626099	0.000122	0	0		17.997999	11.239	5.581199e-05						
2954	1256.613892	13.532794	3	-1.0	0	1	TFAHTESHISK	-	-	P277371	14	20	1256.614868	-0.000977	0	0		28.687	12.212	2.236976e-08						PROCAL2
2957	906.492554	13.535038	2	-1.0	0	1	LAQEYRK	-	-	P151565	6	12	906.492249	0.000305	0	0		14.656	11.38	0.02953091						
2963	1169.619629	13.539525	3	-1.0	0	1	DWTKEHVKK	-	-	P53942	4	16	1169.619263	0.000366	0	0		8.312	0.0	3.523708						
2966	1256.61499	13.541775	2	-1.0	0	1	TFAHTESHISK	-	-	P277371	5	20	1256.614868	0.000122	0	0		13.228	0.0	0.3698283						PROCAL2
2970	1110.529907	13.550163	2	-1.0	0	1	SSYQDKVER	-	-	P269324	12	16	1110.530518	-0.00061	0	0		24.603001	11.284	2.14455e-05						
2973	1110.529907	13.553281	3	-1.0	0	1	SSYQDKVER	-	-	P269324	9	16	1110.530518	-0.00061	0	0		19.926001	11.682	0.0001740935						
2976	1256.614014	13.555527	3	-1.0	0	1	TFAHTESHISK	-	-	P277371	12	20	1256.614868	-0.000854	0	0		25.771	12.936	7.2274e-07						PROCAL2
2979	1304.626221	13.557775	3	-1.0	0	1	IGYDHGHIEHK	-	-	P127168	5	20	1304.626099	0.000122	0	0		10.629	0.0	1.460041						
2982	906.492615	13.560022	2	-1.0	0	1	LAQEYRK	-	-	P151565	6	12	906.492249	0.000366	0	0		14.665	12.864	0.8365338						
2985	829.440063	13.562265	2	-1.0	0	1	RLEDAAR	-	-	P239826	8	12	829.440552	-0.000488	0	0		18.136	14.225	0.007460131						
2988	1169.619263	13.564509	3	-1.0	0	1	DWTKEHVKK	-	-	P53942	6	16	1169.619263	0.0	0	0		12.209	11.025	7.623848						
2991	1256.61499	13.566753	2	-1.0	0	1	TFAHTESHISK	-	-	P277371	8	20	1256.614868	0.000122	0	0		17.503	11.585	0.01766939						PROCAL2
2994	1087.563721	13.568996	3	-1.0	0	1	RLEEEEKR	-	-	P239843	6	14	1087.562012	0.001709	0	0		14.342	0.0	0.1947601						
